"id","rating"
38230,25.8294833333333
47413,33.8685333333333
35432,30.6997277777778
45147,21.3548277777778
58301,30.1019166666666
50154,36.2660444444445
57883,35.8382555555556
43451,26.4530555555556
49122,23.5241555555555
21622,25.6729055555556
21825,25.0290444444444
56306,34.0069055555556
40282,39.7934111111111
58408,30.8966388888889
41712,41.5217333333334
48111,34.2921166666666
33073,27.5431222222222
57893,38.8171833333333
48302,24.0670277777778
36754,31.7436388888889
28195,29.7655055555555
49939,34.3781333333334
45720,24.6623555555555
46977,42.3334777777778
26219,43.3788555555555
22208,42.6201888888889
58931,44.54065
40714,38.95615
50059,44.7909555555555
31045,46.6715
27885,42.1403555555556
32262,50.0262944444444
36359,39.53325
21702,41.8922277777777
34979,27.5629166666667
39662,41.5923055555556
36256,39.9938166666667
47381,31.4228333333334
34351,34.2607777777778
54799,38.23175
46752,44.3463333333334
26826,43.4617333333334
23831,38.6556333333333
24594,30.1215333333334
46637,41.8430166666667
51309,31.3911055555555
58992,31.5836833333333
42835,29.9859166666667
42205,26.5124055555556
36826,34.9812722222223
56050,33.7262611111111
53871,35.8568111111111
48540,27.9203611111111
39685,30.8226
24774,25.7187
23419,41.0086944444444
53019,23.1820833333333
28371,32.7217277777778
26750,22.1231333333333
36468,38.318326984127
25756,22.7763277777777
35186,41.6791888888889
42307,35.5285444444445
56651,51.8962333333333
38940,39.5951611111111
43284,36.1741000000001
54872,47.2116388888889
29561,32.0379277777778
55475,51.4916555555556
26457,32.6039
25291,22.9925222222222
43419,35.1228388888889
21785,35.4191444444444
31357,30.2303555555556
22929,41.51235
29415,38.6491666666667
46241,46.4832944444445
29452,33.6730444444444
27440,38.0441777777778
49965,47.2021722222222
40180,42.5431333333333
58522,25.7643888888889
59981,46.1334555555556
37712,43.7908722222222
38011,41.2344555555556
54746,28.01145
29886,48.6961166666667
22920,41.9175777777778
31358,45.2556055555555
54320,31.9996166666667
33055,43.160369047619
56559,42.913961111111
27006,21.7960444444444
45257,36.7088166666667
44528,33.5191000000001
48887,29.9696222222222
28149,38.0902222222222
23476,31.5360833333333
27063,33.0214
54206,25.2803388888889
21871,53.0963555555556
35701,26.91985
22283,29.7366444444445
45295,32.9108333333333
49312,40.9081888888889
43909,33.3407222222223
49314,33.1212611111111
27959,33.9627777777777
24438,36.4628555555556
34638,47.2452111111111
24946,36.0358833333334
53962,43.7283611111111
39542,34.6534333333333
59521,31.2377277777778
49472,29.8267388888889
52390,27.6147166666666
33505,37.7024499999999
48621,41.0921888888889
25698,37.2772833333334
41285,38.8005777777778
51189,35.9912888888889
23635,36.5467222222222
57115,34.4079555555555
26365,25.8335777777778
57938,33.4154611111111
29686,30.8821277777778
35594,41.4113555555555
32214,49.30885
50763,37.0237277777778
44848,22.9562388888889
28164,44.6866055555556
22530,29.7796944444444
41307,38.7753944444444
56823,43.16895
27829,41.0834666666666
23704,38.7583611111111
51509,32.8554388888889
43491,35.2982333333334
41824,38.9200777777777
41855,28.3866777777778
27826,32.1197555555556
32928,36.5813388888889
56557,44.4867007936508
40264,35.4123777777778
56996,40.5743777777778
20774,38.5474611111111
34376,26.5484
28831,24.4453777777778
30790,28.5349833333334
44901,48.2611666666666
40400,34.6686611111111
59371,40.8641166666666
39758,36.0996333333334
28302,29.6702444444445
32513,43.5424222222222
28276,50.3218333333333
47788,44.4724277777777
38004,29.8001611111111
55777,43.7231
22878,35.4321777777778
38544,34.4941166666667
39598,35.39305
32829,36.0320388888889
27510,43.8669944444445
49017,28.16785
48643,35.6414888888889
30670,41.5493833333333
28981,28.7065277777778
42884,40.4828944444444
30361,34.4519944444445
52219,32.9481055555556
28913,51.6476373015873
25301,34.8542611111111
24251,25.6121
52157,37.2527333333333
58296,31.0438
20804,31.7346555555556
35957,40.3188444444445
24603,34.70975
48838,32.0530055555555
33054,43.7143388888888
21254,51.2803166666666
24777,40.7246722222223
36416,37.0286666666667
43405,44.8734777777777
34315,34.8009277777779
51203,43.8541444444445
47724,43.3139666666667
52356,35.7656555555555
39711,28.9465666666667
59205,40.6333333333333
29594,21.9035611111111
34241,38.9010738095238
49884,35.9229444444444
59573,35.8143555555555
46073,43.5397666666667
39594,36.0122277777778
24262,40.1748666666667
33996,32.4497277777778
40075,44.1105055555555
52286,48.2141166666667
32324,40.7264888888889
34228,48.3746666666667
50675,38.7805777777778
33233,35.1503166666667
47733,47.5572222222223
40634,41.4142111111111
47007,23.8503833333333
53757,31.4856555555555
58226,23.5650222222222
37106,48.0297166666667
46040,30.4191666666666
40512,36.8587166666667
29195,38.5839388888889
33634,38.6470055555556
53351,23.9275333333333
38889,23.4036888888889
20678,34.6135333333334
42935,32.5878333333334
22223,30.8539555555556
54507,37.0317111111111
24179,29.1949666666667
33181,30.91145
42380,29.8179833333333
25042,47.3534222222223
27649,53.3488555555556
48760,44.1813222222222
58789,37.6616833333333
43179,34.1097055555555
57655,42.8354055555556
41425,42.6238
30769,38.7667166666666
26475,41.9921388888889
58409,40.3997
34367,44.9168166666666
59761,43.3309611111111
30544,40.701576984127
27554,46.1748055555556
22502,46.2588277777778
32007,43.6635873015873
42455,37.8258388888889
53106,43.2764333333334
27637,42.1413444444444
25836,45.7904722222223
40247,38.5287555555555
55151,45.9959777777778
29935,49.9386984126984
54481,40.2317611111111
44240,39.4134444444445
38368,33.7033523809524
29763,20.4185722222222
41251,42.9947555555555
25737,24.9923388888889
22418,47.1177444444444
36695,44.2879611111112
54665,39.6997166666667
25155,36.8421777777778
59565,32.4063444444444
28103,42.6886388888889
48915,32.1990944444444
29864,38.3952944444444
41963,24.3863611111111
22397,35.7267277777778
37761,44.6804666666667
20650,31.14095
39833,39.9010666666666
39287,50.4473666666667
24360,34.0703666666667
59766,34.3533277777778
36255,34.2800722222222
48464,49.6498722222221
58747,28.4542722222222
30701,39.8383722222222
49374,30.5348722222222
54589,49.1975222222222
58719,41.9345111111111
28148,37.2024333333334
31970,46.1198777777777
47824,45.0275722222222
24665,42.5693888888889
41050,38.3013555555555
57544,42.5901999999999
48174,43.8223166666667
41886,29.8288833333334
35040,39.7161277777778
32960,44.1303166666667
42968,46.0277333333333
25508,42.993580952381
57318,44.4816555555555
39384,43.1023944444444
34536,45.8208444444444
41274,36.5216
46203,51.4970611111111
50489,37.1269611111111
57429,33.0645722222222
55319,26.0816888888889
21303,41.2660388888889
53087,38.1338833333333
22501,24.5322166666666
20418,41.6649777777778
42976,40.9383055555556
35049,36.8539944444444
32642,29.9513055555556
44049,46.4208888888889
54547,33.1714555555556
26572,44.2163777777778
39125,46.8212222222222
46740,49.1389833333333
50911,35.3743944444444
33518,34.1286555555555
52794,26.9138611111111
54899,36.1530166666667
47976,22.6308555555555
22297,47.7257111111111
24773,42.6291
24982,58.7200166666666
53628,37.487788888889
37123,32.3930555555556
40510,42.2535722222222
59804,39.7481111111111
23748,53.1731111111111
56549,31.8910666666667
23595,44.2100666666666
52995,30.8974277777777
39345,24.4229
51517,52.3178777777778
36906,24.0168666666667
57167,44.5939388888889
29952,45.0765944444444
32136,27.7556777777778
21835,29.7693611111111
33581,39.7812277777778
54987,39.1956666666666
21560,34.7331833333334
27685,23.1511055555555
42456,23.6459722222222
48507,29.0634277777778
36125,49.8562722222222
57223,38.8506222222222
44939,47.6455833333334
36282,46.0867
31259,39.16185
56931,42.20955
59692,29.6131277777777
32956,52.6360031746032
39349,29.6541888888889
37107,22.0034944444445
51599,24.1855944444444
31866,32.3171166666667
22315,34.9407166666667
45453,42.6147166666667
49526,50.1666444444444
21205,26.6633333333333
25003,37.5489111111111
54440,41.0148222222223
31718,44.3734166666667
30199,22.2866777777778
47156,24.2363388888889
34467,28.26125
25350,36.1990833333333
44662,37.0686833333333
31642,39.8146
31254,42.2134722222222
49995,37.6492388888889
53545,40.8868666666667
41364,42.7674444444444
20357,49.5021388888888
48370,47.5303944444444
56220,42.6011722222222
47047,37.5787333333334
29180,45.6544499999999
43820,33.9500722222222
54693,50.3295333333334
59352,34.3978666666666
39575,40.7576944444444
49761,43.7233166666666
59288,31.3846722222222
54370,38.4434722222222
34055,25.6809555555555
22821,24.5802111111111
37799,46.1429888888889
22486,32.0774388888889
31544,42.8078722222222
44591,24.0908333333333
37242,47.161
36478,41.4840833333334
43567,24.1336944444445
22218,49.3802
38550,38.1048388888888
46805,37.0669388888889
27000,40.6311722222222
58535,47.2255111111111
27519,22.7753833333334
41809,28.1486833333333
31771,33.8222666666666
23232,23.8646277777778
41144,39.6720555555555
29724,31.42235
41697,32.3327706349207
31060,23.5898777777778
30993,40.9604944444444
53277,44.0792111111111
49769,34.7914388888889
27371,35.8838055555556
46096,45.0827888888889
35475,44.6857111111111
38247,26.3454611111111
30043,38.9058055555556
41085,28.65555
23532,31.1456722222222
30317,25.5091833333334
57116,39.9421722222222
27652,30.9516333333334
25363,39.3498444444444
55877,38.8172666666666
32028,42.1783190476191
56472,37.7768055555555
39026,29.0645
43691,45.4886222222223
28217,40.3239722222222
54073,30.9444111111111
27736,46.9594777777778
48756,44.8597222222222
43599,38.6496888888889
25002,46.9756333333333
46536,42.5728888888888
55894,38.8576
21892,34.5291055555556
35253,34.2838444444445
38070,30.9444944444445
42181,44.5735888888889
40732,31.6507611111111
35413,30.7135833333334
24753,44.5608611111111
40516,41.1956444444445
35941,36.0081888888889
51075,39.0496111111111
50635,41.7144277777778
22155,22.7699388888889
56726,46.1355444444445
39170,45.704811111111
24540,37.2775666666667
30997,44.1474944444444
28933,28.8324000000001
43597,28.6750888888888
43240,35.2043555555555
42282,43.6622055555556
40860,37.4294611111111
30306,42.5031611111111
48787,42.6351166666667
22294,29.1454222222222
40816,43.7475166666667
57298,44.9902333333333
52734,48.2300166666667
21273,37.6169444444445
25637,31.9732777777777
37908,35.7536722222222
33537,48.5901706349206
59117,25.9971111111111
45354,41.4029444444445
54159,29.0808611111111
51501,37.3561888888889
54991,46.5752111111111
28622,35.5746277777778
28542,30.4658222222222
34077,55.0401055555555
55521,41.8379
30525,29.3741611111111
28759,32.92935
25573,34.7194833333333
49094,21.0931777777778
36858,38.8159507936508
29871,40.2581388888889
25407,44.8878388888889
50880,37.0566
47913,42.0500896825397
24767,31.4339444444444
22318,47.9227388888888
42474,24.2488277777778
46303,43.1906833333333
27497,32.7334111111111
21815,31.0433261904762
35802,34.4169444444444
34722,45.7090444444444
34771,35.8086833333334
33543,39.7801111111111
53788,40.9224944444445
25671,44.6704111111111
53190,36.5549333333333
23305,38.9511111111111
33247,35.7132833333334
36640,45.8998277777778
28465,36.8658888888888
34799,37.5923055555556
36501,40.6019166666667
57251,35.9738777777778
20387,38.02565
37454,41.2145111111111
48573,37.6856166666666
51662,34.7519055555555
26473,41.8994166666667
21864,40.8079333333333
34590,21.8792444444444
44534,45.5105055555557
31952,34.9366444444445
49999,37.3861388888889
29120,42.3464888888889
43176,33.2212611111111
50791,41.2633555555556
48647,36.4090944444444
49273,33.098
39628,26.7270888888889
39361,31.0135388888889
50703,44.6662563492063
24552,42.59475
57203,24.65495
36743,39.1121722222222
38189,39.5174833333334
50052,38.4077444444444
36182,35.9664222222222
35839,46.6679222222222
35270,29.1647722222222
47158,39.4020888888889
32196,38.4109611111111
50543,42.8228555555556
33809,48.1769055555556
28612,41.7850055555555
54942,36.3951111111111
42964,42.9312111111111
22442,21.7813
34561,33.6067055555556
38926,33.9326722222223
51830,29.87175
47544,30.3701055555555
38425,40.1926444444444
52335,24.8818111111111
57683,40.3994055555556
32805,24.6787444444444
59685,45.4044499999999
36393,38.0310388888889
59468,43.6137666666666
47511,31.8805055555555
47743,43.5666222222223
48257,37.2539777777777
30960,37.1323166666666
29361,48.9367777777778
23708,43.5525944444444
27466,34.0646833333334
29176,29.6855555555556
55266,44.0084611111111
46788,36.3684222222222
37167,41.5012277777778
33862,35.5493444444444
31126,42.5869666666668
24066,22.5767888888889
26434,41.6783500000001
38499,29.7678277777778
20931,45.4468444444445
49093,38.9057166666666
31654,37.5715666666667
51520,45.4585388888889
40041,39.5829111111111
27574,45.2437555555556
28256,27.7555888888888
30168,30.1371611111111
54128,39.4219944444444
41995,31.6452944444445
27047,55.9563507936508
29818,35.6853444444444
49148,49.4802777777779
44703,50.9019944444444
33855,25.3836055555555
47403,30.0045166666666
24368,29.8993611111111
41392,54.7495222222223
57278,41.0563777777777
21354,35.1794166666666
46708,44.2946500000001
28266,56.7136888888889
57465,36.6935388888889
24551,42.6631166666666
35913,42.8933388888889
48344,48.4757777777777
54080,30.5565825396826
26183,28.9929111111111
20629,36.5550055555555
46334,39.8133944444445
38608,36.1035055555555
39396,33.2447833333333
41792,33.9683611111111
40847,43.2690166666667
37622,31.4860777777778
27199,30.9838444444445
31435,23.5324111111111
42542,23.8235111111111
45024,44.1271738095238
22381,24.8982388888889
56663,23.8603444444444
48416,54.616719047619
22157,47.5772277777778
39775,29.9520611111111
28500,43.2142833333333
41406,29.4361555555556
35559,32.2855206349206
36090,27.5274555555555
47800,49.3404444444444
34116,49.0499314814815
21077,37.34435
48850,42.4001222222222
59546,33.9399777777778
22348,29.2544055555556
32919,28.5402722222222
51581,44.3331111111111
21041,56.0975888888889
42751,22.7575555555556
51002,46.2870611111111
34850,37.9488
54316,30.4098777777777
34094,44.4936444444444
23660,34.5850444444445
35654,41.7023555555555
35711,35.5600111111111
27439,30.6227
59081,44.1489722222222
51163,32.2240722222222
46925,30.7282388888889
36330,40.4682944444444
36392,46.2089055555555
40662,44.7740277777779
45159,34.8167222222223
45848,45.4396277777777
23388,33.0348944444445
43749,45.4549111111111
43618,36.1295444444444
29208,34.3533333333333
43953,33.9241444444445
38501,24.8042166666667
52385,28.2078944444444
51064,31.5050452380952
35516,40.1688555555556
51714,33.3924944444445
47162,44.1775111111111
28731,26.7758777777778
48663,25.4089777777778
54239,43.8211111111111
22968,40.8158055555556
30839,40.3083222222222
53286,28.8841888888889
24983,54.8716222222222
29629,32.2987388888889
50331,43.2626111111112
49855,30.0400833333333
22136,40.8554611111111
51833,45.8317281746031
21289,41.3788
58478,38.8356444444444
53706,21.6616555555556
34615,26.2564833333334
36173,44.7321555555556
53311,51.8669849206349
44015,29.0966055555556
42586,45.6031611111112
55789,46.6349611111111
36002,21.8056888888889
23006,32.6820722222222
51948,24.9529222222222
36055,45.9600500000001
47259,44.2156703703703
42593,42.34445
29432,36.6757166666667
31999,29.4990444444445
42318,29.7268444444444
57175,36.3892888888889
43117,34.5081277777778
42720,43.1734388888889
38223,26.0588333333333
29904,30.1570055555556
56463,33.6635277777777
34618,38.8455539682539
55407,40.9713222222222
27596,44.2143499999999
59641,47.9096444444444
31916,42.3432999999999
39980,38.2412555555555
43703,32.7781166666667
49433,44.9918555555556
27960,33.8923333333333
47658,46.7616555555556
26469,29.3318555555555
49818,43.1792944444444
46339,28.0331888888889
21837,30.9782444444445
58562,40.6648555555556
32672,29.9516555555555
33830,38.7954444444444
22954,34.8459444444445
37790,35.02845
20878,39.0059888888889
20676,32.7664666666667
22431,30.3292888888889
55845,25.1725944444444
54226,31.1384944444444
27500,42.2947888888889
26489,49.6352
50383,42.1468888888889
28133,41.1068166666666
42728,38.5523888888889
31293,37.2866222222222
52096,40.9323111111112
49487,31.8645833333333
58359,34.9999
40314,38.8344
42084,36.4221722222222
56385,37.7735222222222
40582,36.2067888888889
51567,46.5686555555556
36445,35.3083055555555
29866,29.4405611111111
37663,39.2569333333334
40016,38.5848388888889
25550,41.23405
47308,42.6124166666667
21786,41.1962111111111
58215,27.1431777777778
48973,35.47995
35280,40.7493388888888
46945,26.8193444444444
48451,42.5795833333333
50950,25.5571277777778
54417,26.0260777777778
25542,44.6950277777777
23953,29.7074166666666
22754,46.9109055555556
40621,33.2831222222222
52474,41.6707611111111
54178,47.9710714285714
22048,25.4577944444444
29313,41.9179888888889
25357,40.1981722222223
23035,41.4429888888889
38413,36.9662333333334
21448,38.3515666666666
48197,36.4974166666666
26218,42.27745
56901,32.7345444444444
59803,37.1793222222222
25060,41.8245777777778
58487,38.5054611111111
53905,37.7728555555556
45968,32.9410888888889
33412,29.3458611111111
55770,22.2705944444445
45283,43.7892666666667
39000,32.5109722222222
43787,33.3312166666667
55360,37.7565611111112
25348,51.0281333333333
25577,39.0198
22371,42.60485
29241,30.2043833333333
34504,44.8036222222222
20575,34.2622936507937
56961,44.29445
40064,43.5797920634921
50189,44.6716777777777
54278,25.5527333333334
59542,38.3154444444445
30574,28.24195
27962,43.9743333333334
32756,31.9284611111112
24744,35.9332611111111
58549,38.6938611111112
57950,30.8939833333333
35879,33.7426444444444
56404,31.2551388888889
43834,29.4385444444444
26908,35.9209555555556
58751,30.6873277777778
41071,37.4464722222222
41656,26.1940111111111
54672,42.2017166666667
36594,39.2889333333334
27690,43.1686111111111
22921,29.0161555555556
43211,37.1065
50112,43.67365
44209,21.98095
48027,22.2483722222222
37716,38.4452944444444
22876,33.4062666666667
24814,35.0929833333333
26730,28.533761111111
33557,46.5036222222222
35783,43.9882222222222
43563,50.5151333333334
56844,44.4415007936508
22714,45.3976888888889
43694,35.2388055555555
47066,44.52525
42726,39.0329444444444
46042,41.5633388888888
32046,37.5180944444445
44421,52.3757666666667
44481,35.8756333333333
52339,47.3538
20368,34.6208166666666
58780,25.9816499999999
22292,43.2275777777777
24180,36.1803555555556
20469,38.5724
28096,41.3404611111111
51988,49.0627888888889
30872,42.4051277777778
49905,39.1763388888889
56083,44.0507111111111
35595,46.0134111111111
59045,29.6843388888888
31540,24.4573444444445
31311,43.2923111111111
27720,39.6116444444445
21989,41.9756277777777
33258,23.4168222222223
20134,42.1209611111111
58919,28.9777055555555
21911,38.0873444444445
33598,43.9188888888889
28447,50.1908944444444
35017,39.85715
30332,39.1200444444444
42701,44.8055222222222
25985,44.0883333333334
22816,40.4369333333333
50088,35.9367777777777
37474,29.3689611111111
44238,44.7447944444444
47896,20.0482777777778
46771,41.4109222222222
44854,31.7841055555556
35955,41.8314777777778
51579,30.9907222222222
41099,34.8094555555556
39020,42.1130277777778
25930,43.8592444444445
50516,47.1893492063492
37745,45.7486
44829,54.2737079365079
39208,44.0296166666666
32964,27.1070388888889
53654,25.1160944444445
22680,35.9469444444445
30580,31.37995
49582,36.9979
34206,26.3467666666666
36933,37.3510888888889
41302,44.1834277777778
27842,32.2469388888889
28375,25.3500666666666
22029,32.5694777777778
52169,39.0012
39494,33.6420388888889
38310,22.40575
43165,34.4309515873016
31535,33.0959666666666
41061,35.9397388888889
34480,39.5505333333333
47329,32.03705
52459,41.6156055555555
46128,45.9795500000001
27592,42.4556722222222
23471,34.0684166666667
59048,43.8728666666667
35267,26.5635777777777
55247,38.6807944444444
56895,21.6563166666667
53642,23.8029690476191
43765,24.7604666666667
52419,33.8656388888889
41668,33.6883222222222
40396,30.6503611111111
22870,35.7094055555556
32669,41.4860555555555
22681,38.7097888888889
57068,35.9177
23345,36.5222555555555
33575,34.0765944444445
27237,45.5454777777778
38419,41.3099388888889
45588,32.5841111111111
50752,43.5234944444444
50338,24.0937277777777
28083,39.8387944444445
20952,44.2645388888889
43001,53.0106555555556
21562,36.0665166666666
54747,41.5707044973545
33424,24.1800277777778
46408,37.3300666666667
58148,23.8337666666667
29527,43.3063222222223
49398,24.7187484126984
49451,36.0912111111111
41040,37.7592999999999
43816,40.3391555555556
45773,39.1007888888889
48167,48.9716111111111
44786,42.3215555555555
57619,41.2487055555555
52583,43.1468777777779
58458,43.4288527777778
58723,32.9140277777778
52975,24.6571888888889
34541,31.5080333333333
35137,22.0496722222222
43507,29.1973936507937
31202,48.2966666666666
59868,38.7837444444444
23678,39.3397888888889
42344,32.5843833333333
40849,43.89155
33530,24.6129055555556
50648,46.4974277777778
23744,44.6292499999999
42373,29.2947222222222
45411,37.7165666666667
58563,28.3102166666667
45370,43.4311444444444
22059,31.9522777777777
56339,34.8277722222222
46032,39.9562944444444
44119,38.0149166666667
39457,33.8201111111111
47399,34.6689555555556
42900,39.2709190476191
40738,50.4980111111112
46916,33.3731277777777
41058,42.8848555555556
54353,48.5283
59871,40.7697333333333
23814,35.9642722222221
25796,51.34925
25038,51.6282444444444
49218,47.54865
25760,30.7403388888889
27382,32.7880055555556
58424,38.9203
30786,45.2041777777778
50294,29.3429888888889
45489,42.2676333333333
46979,41.3194
30151,38.9404833333334
57691,21.9404777777778
36235,44.8853444444444
28120,28.1417611111111
31205,44.3023
22551,20.935353968254
26417,34.2001277777777
23588,44.6182611111111
39845,43.8319833333334
42519,44.45725
30498,31.7815333333333
32318,48.4482944444445
49403,36.7393055555555
43796,54.0250134920635
56272,35.0968666666667
50058,40.4459555555555
22865,30.8422
49154,29.4599277777778
41571,32.5104111111111
20504,35.4766111111111
49423,43.8505555555556
55382,49.6502166666666
36596,32.9520222222222
27014,25.3281
36065,46.9177555555555
45761,40.1722499999999
45523,38.7655055555555
52232,33.5957722222222
57644,48.5320037037037
47888,29.5485055555555
46255,23.3763
23828,42.3716833333333
51159,30.5985388888889
27133,40.1518111111112
36815,37.22305
39639,22.5557
49697,46.5939222222222
21607,39.6238444444444
58419,23.5830333333334
57537,33.8071111111111
29780,29.8051277777778
20949,33.9608166666666
21375,44.5245611111111
24344,27.1749333333333
47991,21.74435
57778,35.1281611111111
32900,47.2437777777778
55226,41.3326444444445
22329,38.2483055555556
40022,40.9532722222222
22732,46.0137333333333
22456,47.5481944444444
31044,34.2129777777778
35645,35.3407611111111
21764,21.9463222222222
53557,21.6763555555555
47555,30.3455111111111
49350,44.1976222222222
24813,18.5891
42406,29.8992277777777
56818,24.1259777777778
27102,32.9844666666667
55884,37.9908666666666
54170,33.2268555555556
27888,40.1513333333333
56176,29.3100333333333
30941,33.5846055555556
59154,21.4990833333333
49572,22.3344055555556
38136,42.9921555555556
38385,38.9751888888889
37985,36.5718444444444
38659,35.3451222222222
55318,45.7572222222223
53199,55.0997611111111
39315,51.552688888889
41264,47.1511055555556
31645,34.7568777777777
46333,34.5133666666666
24534,30.9677166666666
44192,44.2231388888888
53191,22.0875944444444
46272,31.8334944444445
26810,29.5377555555556
22785,49.2328944444444
44632,41.5779611111111
50044,30.1963611111111
50856,39.0527111111111
42242,43.4773333333334
50070,38.5546833333333
22549,35.3295388888889
56357,40.2027888888889
27061,30.36945
49969,29.6998
47648,45.4541777777778
25859,43.9999
30594,31.0063666666667
57762,39.7274666666667
49566,45.2345166666666
55907,27.6956388888888
22475,40.8658611111111
53533,23.0073388888889
57383,32.0793833333333
52927,40.9071777777778
43678,30.7017777777777
54207,44.6386388888889
35015,32.5212388888889
26887,36.04985
24207,41.0816277777778
40794,31.2192444444445
44749,27.8845833333334
40281,30.6914833333333
21404,41.5822388888889
55932,31.9371111111111
22607,32.4110944444444
54841,31.1610333333333
23370,38.1887222222223
21085,42.7865833333333
21662,47.0441333333334
21220,36.9730611111111
49516,44.1570888888888
27077,44.6083166666666
50366,38.1007388888889
58717,38.3238
27821,51.0679928571428
42553,30.8611031746032
32422,32.1478166666666
47135,21.5760722222222
26755,40.9628388888889
54998,43.6706777777778
35469,36.8934222222222
33115,51.0678333333333
56918,41.3288166666667
31308,42.0285111111112
31912,30.9234111111111
25110,44.0098277777777
44254,42.55035
35349,32.32755
34444,44.5225388888889
33954,31.81715
29859,35.2017166666667
35019,40.6453
21125,33.8574888888888
54990,43.6106555555555
38682,44.6195388888889
36799,27.8972444444445
40834,25.0939388888889
38032,21.5959333333333
49230,31.2294555555556
23168,18.5152888888889
51850,25.0218277777778
49580,31.9973222222222
29397,42.0967333333333
47423,27.3120611111111
24853,38.8081666666666
24331,39.1546055555556
27076,38.0370444444445
46127,45.2746892857142
40912,21.2815666666667
32400,37.0164722222222
48904,43.5502611111111
58862,46.2805666666667
29491,35.9501333333333
21726,44.7832444444445
26386,39.6847333333333
23629,46.4190555555556
31595,34.7939222222222
59107,33.3938833333333
30016,35.404661111111
36824,30.3095611111111
54307,40.8882666666667
34592,34.6101611111111
55920,43.3537111111111
25095,45.31865
39329,28.5989
50583,53.755561111111
38467,43.7030777777778
36309,26.5937
59923,32.2239888888889
55882,35.5584166666667
41298,42.3676333333334
48602,17.3603444444445
55099,41.2302388888889
39822,32.7630222222222
52967,42.3747777777778
29788,48.7287999999999
30356,37.32655
34261,38.8711944444445
28031,40.3018777777778
36206,45.7290111111112
59875,32.9747555555556
38407,46.522888888889
56768,26.5646
21753,31.2606111111111
42135,36.8985111111111
35396,40.6345333333333
25091,34.9838388888888
43023,28.9081222222222
59669,41.5497111111112
46084,45.4616166666666
31522,48.5045444444445
59910,25.7854555555555
26910,51.798715079365
54478,42.6313555555556
51821,38.7988
46433,33.4224666666667
36517,38.7147333333333
33231,31.7266277777778
52366,23.4293833333334
20871,35.4182222222222
46440,26.3832333333334
22288,31.2666555555555
48701,41.3145111111111
55295,44.1173611111111
33703,32.0353777777778
32497,47.2634
22605,40.9451222222222
45509,32.0912722222222
34443,39.6994222222222
42521,36.68185
47215,46.49705
29626,41.2621944444444
20521,36.5654
32167,40.3293944444445
45990,22.3672444444445
23516,27.1951611111111
53919,24.7405111111111
33906,44.4272833333333
59982,37.27635
49794,40.4629166666667
21609,33.4279555555555
27530,44.4662666666667
35806,44.9097777777777
45052,34.5549833333333
35610,40.6016833333333
47263,44.1673555555556
42253,24.3399222222222
29701,43.81025
53684,50.5425333333333
46520,34.2628166666666
49766,27.0376555555555
23544,37.5603555555555
48607,43.7383444444444
43609,32.7045777777778
33438,43.9023833333333
23300,24.8311777777778
28004,34.7184166666667
43753,46.9002333333334
46325,48.9683888888889
53043,33.2651166666667
27558,44.9597
29040,37.6214333333334
24859,49.8898611111111
45423,37.5984722222222
34692,33.5932194444444
28493,39.1456666666666
50051,39.7910611111111
41774,31.94145
43280,44.9345944444444
56840,44.1708611111111
57786,51.2404944444445
39241,50.8296166666667
48445,45.5682444444444
49840,41.1242746031746
54015,27.4262
43807,39.7632222222222
26466,23.8038888888889
37903,40.8066666666667
49685,32.4739666666667
24548,43.4225888888888
41354,23.7346880952381
48755,42.022861111111
21520,42.4707
35273,41.7528666666666
55653,46.3460555555555
51371,44.9603055555556
45107,43.8154055555555
44675,24.1535166666667
25172,28.4239833333333
50780,31.0170444444444
32540,35.4820611111111
43564,42.8613555555556
22327,31.6091666666666
57760,32.1582333333334
51515,41.7703944444445
37062,37.5249611111111
53215,31.4978222222222
35623,20.5710611111111
59329,45.6440611111111
50514,33.0521111111111
32799,37.1915444444445
42523,24.8587277777778
29372,35.2907777777778
20531,34.7634055555555
20528,26.4449166666667
43784,28.1708111111111
27121,33.4588888888889
51868,24.6293666666667
33692,35.66415
32024,44.8498666666667
44213,45.0958777777777
51433,42.6046777777777
44365,41.7502111111111
25813,46.2941333333333
47461,67.2020412698412
53560,41.8860388888889
22909,31.8040777777778
43027,25.3890222222222
40757,44.6981333333333
49793,38.8773777777778
45857,34.8610666666667
54795,25.0818777777778
25801,42.3252944444445
29555,40.8154055555555
34154,45.3896222222222
31513,36.5904746031746
43389,24.4352111111111
47562,37.6497555555556
36924,35.4212555555556
38718,38.4124055555556
56984,42.7134944444444
51297,35.8039388888889
55658,26.9340388888889
50835,27.1955166666667
26110,45.1213444444445
38277,42.3901388888889
21134,46.7781777777778
58506,31.3967722222222
35969,34.1343222222222
58958,42.5262444444444
35911,50.0756095238096
20119,41.3070388888889
49414,30.5447055555556
36770,26.6429944444445
51779,27.9515277777778
25432,27.7606166666667
50141,29.6007111111111
20001,44.1446833333334
51932,32.0188944444445
28942,25.5303555555555
28319,34.2858111111111
28624,34.9483777777777
54499,36.0193444444444
59140,32.6710555555556
40811,44.2963666666666
23257,47.6630777777778
54188,21.1809555555556
45954,30.8838722222222
51270,43.3186111111111
32986,46.4056611111111
37093,30.1278333333333
54296,39.7223611111112
29375,39.9741388888889
38363,28.0084555555556
28618,35.6345999999999
55760,44.4302666666667
27265,51.3433833333333
52091,23.1498111111111
58115,35.341730952381
54645,34.1969444444445
39166,32.3465111111111
44086,27.0412222222222
50602,24.9335444444445
51601,32.3694944444444
34619,38.6524055555555
58534,40.0714666666666
20655,41.9451055555555
31518,28.3765055555556
21072,49.9334
27344,40.4749277777778
43919,30.5783277777777
42259,29.0777055555556
40275,33.6460666666667
38860,20.8366722222223
59005,21.6018444444445
53160,28.3624888888889
57483,29.0055
21757,39.4076150793651
55348,33.1508888888888
35785,24.1986277777778
37522,34.1684166666667
38924,33.7472666666666
55847,41.0144333333334
52115,43.0405055555555
44200,46.8917277777779
27772,26.1373777777778
29164,33.9887444444444
40577,29.0526111111111
41655,43.7759388888889
36406,55.1917555555555
36218,23.0008888888889
28754,25.2206333333334
49354,38.4212777777778
42945,36.3716444444444
46990,29.21255
23226,40.19755
43052,30.9889055555555
42461,33.5331388888889
28717,39.9614333333334
54852,43.3715166666667
31623,30.2725888888888
57825,24.8906166666667
26364,42.0633555555555
48559,37.3047611111111
32861,20.4465444444445
59896,41.0612373015873
58397,31.4106500000001
50948,37.4244111111111
38867,41.2729111111111
39312,44.0840555555555
45378,28.5351999999999
46410,32.11395
21433,42.7470722222222
59796,33.6737
36177,34.3329777777778
46734,27.6037055555555
40850,41.0112444444444
26989,38.0677777777778
33817,30.243
53460,43.1033611111111
44030,28.9588666666667
34275,30.3599444444444
58703,30.7179277777777
48296,46.7910333333333
22912,42.7128611111111
29573,38.8325
58993,44.80265
28342,21.8876333333333
20347,30.7565555555555
41954,38.1235333333334
51234,32.8704
32056,35.8936277777778
54604,39.5934666666667
58034,31.4164777777778
49074,36.1059166666666
39127,36.5694222222222
46449,28.8916666666667
51459,38.2012555555556
51748,35.1843833333334
45279,36.8588722222222
26018,36.830611111111
52787,34.1988166666667
41858,36.1299055555555
31627,39.9322444444445
59177,41.5770333333334
41230,40.1021055555555
27137,55.480794047619
28123,26.4124666666666
56485,44.7340166666667
52981,28.35635
41957,38.8472277777777
56037,35.0861777777778
59788,40.3627277777778
49270,24.2114
26115,29.0635666666667
49565,23.7661055555555
52204,42.59485
58520,33.2920833333333
43573,36.2544333333333
37791,33.37165
42286,40.1369222222222
21936,47.4255277777778
42872,41.69895
46346,37.9492444444445
40384,26.8992166666667
55278,22.4468277777778
42875,27.63875
37851,33.1173944444444
23421,44.56915
50899,39.1961888888889
33419,46.6927611111111
58614,42.0792944444445
48218,25.0803777777778
56568,40.8196111111111
31662,33.9721555555555
55053,37.2104888888889
39705,42.7189777777778
56512,29.9693666666667
44275,36.976
31325,31.4439
31470,43.9019888888889
57393,34.8535222222222
53061,25.5965777777777
30116,31.7045333333333
52747,29.0983444444444
29803,43.6162444444445
35405,28.2168007936508
44426,32.8238444444444
43770,39.6440444444444
31074,39.3198055555556
24398,37.6630944444444
50249,28.9451611111111
45665,21.23015
28833,38.5763444444444
24944,28.4353055555555
45978,29.4830055555556
20126,41.2056222222222
37516,43.7330222222222
28049,44.8259611111111
34912,42.5759055555555
56408,32.8228777777778
28551,30.3688555555556
55946,31.3952111111111
49020,35.31355
53898,36.9926111111111
51222,32.8770277777778
42988,42.7135555555556
47264,42.6293944444445
50659,41.8041611111111
29731,24.6988388888889
37912,40.9761222222222
51367,42.5082166666666
31656,46.1848166666666
31766,46.5175777777777
51482,47.3143555555556
40569,32.7361722222222
28207,43.4776611111111
42898,31.5607666666667
41246,38.6386388888888
39417,46.01475
28310,36.0642277777777
57627,41.4997888888889
55353,47.6683777777779
58309,30.5169555555555
24433,17.7179166666667
51563,49.56955
40225,27.0575055555556
26747,41.8136611111111
42675,33.3665055555556
27687,55.5612166666667
28369,36.9732944444445
48890,44.5935388888889
56949,45.1047833333333
27545,40.3943277777778
45614,46.90385
56446,31.4218222222222
57343,36.6717555555555
39523,40.0530277777778
50786,32.4481666666667
50308,43.4316722222222
46336,35.5931055555555
50002,46.4213388888889
48800,41.8445055555555
48624,45.7901611111111
54490,37.6775222222223
38364,29.1723333333333
28733,34.1497277777777
37367,27.9915222222222
46744,39.8898277777778
30385,28.8793722222222
45622,44.5273444444444
22307,41.2325111111111
43583,31.4402944444445
24477,28.8470055555556
26931,43.114588888889
48108,42.6418444444444
20985,32.6812944444444
52448,25.3705222222222
38576,39.9586388888889
47187,39.7295166666666
29431,34.8398000000001
30003,31.4789222222223
25838,34.3973611111111
47993,35.3905
54123,40.2314222222223
50370,41.5349722222223
51310,30.7702388888889
38468,38.3365055555556
25872,40.3317833333333
22230,23.5546222222223
55788,23.9263166666666
56496,22.6113944444444
26343,38.5220555555556
23887,32.2767111111111
51225,41.5402444444444
55392,26.2795888888889
34373,36.9904166666667
34644,29.7965944444445
44593,29.8105333333333
37396,38.9859222222222
43212,34.3245722222222
48637,38.8596888888888
44372,34.8675444444445
34134,44.8826888888889
49732,42.9941888888889
45799,29.5139277777778
34901,30.0889944444444
35188,42.2867555555555
55395,39.0754111111112
48048,34.7443944444444
44399,35.9620444444444
28428,37.89765
22650,31.8144277777778
33347,26.3458111111111
30395,39.6692944444444
55471,39.6166777777778
22485,48.8731166666667
31008,36.0633777777778
32840,30.1801333333333
52300,37.3047
38443,28.8664
21981,19.719
27766,29.6315277777778
58792,38.0026611111112
41146,22.2063
31828,33.7823888888889
58040,22.9650722222222
38280,39.0670555555556
22536,23.9287444444444
33238,34.9073277777778
48822,44.8695753968253
46337,23.7622055555555
21323,36.9783
32696,32.1064333333334
38567,29.6222555555555
30489,42.70535
27143,28.9743666666667
25071,30.43245
45543,36.8217166666666
48459,32.7447833333333
53969,21.7650777777778
25959,27.0937888888889
23947,39.4267611111111
55501,46.14485
39596,38.1462444444444
23030,36.12805
46530,38.9356055555555
47900,42.8806611111112
36136,45.5620444444444
57333,43.0238833333333
29658,45.6264
26002,38.8891722222222
46285,22.2342277777778
37517,32.9235555555556
27262,33.8076777777778
56708,33.7032888888889
20217,40.8377944444444
20617,44.3313333333333
20569,41.5636277777778
42531,40.7496555555555
38316,46.0036666666667
24646,27.3717777777778
21522,37.4258722222222
41303,38.7032500000001
26648,29.4637277777777
37594,31.1357166666667
49308,44.1973222222222
59568,34.7731111111111
51756,46.8290111111111
35058,22.5389888888888
46761,27.5901611111111
32116,42.9794333333333
24613,44.6405055555556
31972,42.1735722222223
31556,46.0246555555556
26460,32.2682555555556
53768,32.0339555555556
48066,34.9875055555556
57902,35.4781611111111
50474,42.4588333333333
54198,22.50575
50794,22.0531166666667
36192,43.3677666666667
54903,36.9237444444444
49742,49.0919444444445
30446,45.2580055555556
50183,28.5781944444445
33256,38.3973777777778
20254,43.9152722222222
21215,46.9560833333333
25968,34.6303666666667
44955,22.0974555555556
31679,29.7544833333333
40525,38.9610388888889
43224,33.4999388888888
36094,22.7468277777778
29077,43.9715222222223
22849,43.6838222222223
35227,32.154111111111
53590,41.7652944444445
30600,37.9903055555556
49443,42.1118444444444
26320,39.9301166666666
32258,33.38335
38650,29.4549055555555
45684,38.1788444444445
40287,34.3071722222222
48032,25.9734888888889
48056,41.2328722222222
44308,43.7752888888889
31094,37.7034888888889
26921,25.2230992063492
59643,32.0808722222222
46776,48.6049388888889
26778,43.4840277777779
38506,25.9840944444444
35588,47.6790833333334
43708,31.1383055555556
58476,26.0176444444444
23651,27.6157
52020,39.9655999999999
31072,39.2589722222222
54506,33.9473611111111
44714,47.3363706349206
58356,33.8433166666667
30290,40.0292555555555
35632,42.0749666666667
29908,41.4928817460317
46564,38.5524611111111
38782,34.1152555555556
25648,35.6982555555556
45126,37.7800444444445
42847,51.2885611111111
54448,44.6147222222222
31390,42.9553833333333
29430,22.6558111111111
23853,23.5368666666667
41619,47.6681880952381
29279,34.18075
41834,35.4685055555555
46004,43.6546611111112
55976,49.990887037037
47106,18.3442111111111
31124,43.2501833333334
20491,44.0874166666666
44947,25.3348055555556
55872,33.8309388888889
57752,43.2802555555555
49835,37.0805666666667
58612,47.1941944444444
34074,32.6439
38714,44.9338500000001
47683,38.9518555555555
24327,28.7553111111111
53846,38.9707
24186,47.9594333333333
34904,36.0655166666667
26732,40.7069666666667
22540,37.9253055555556
45104,39.3115722222222
55422,44.6508111111111
46649,37.7335111111111
23079,45.2409722222222
58910,28.8579388888889
35856,22.3812666666667
26452,33.7505555555556
38346,32.6443888888889
48797,41.2460833333333
25439,39.5315722222222
52740,45.72345
50815,37.9130888888888
29998,27.3647333333333
22448,29.7827777777778
37895,33.2768055555556
46358,32.0340555555556
24404,32.4333111111111
30862,34.3690666666667
29091,43.0566444444445
46274,29.3499055555556
36607,38.2747111111111
50893,44.2388833333334
24527,35.5313666666666
55740,43.46915
43193,33.8283222222223
50494,58.8181023809524
39765,40.7689015873016
59038,43.5765166666667
46453,33.2429611111111
52917,44.6189444444444
43501,41.6906166666667
34164,47.5289222222222
39403,41.1834277777778
36097,41.5091277777778
34622,32.0124277777778
29616,34.3779277777778
40439,42.9723555555556
58029,46.4355055555556
22668,39.7499888888889
57569,24.5644222222222
22466,41.36705
31657,34.15725
35971,53.3356388888889
58849,37.2363055555556
42764,38.7939111111111
30529,29.8603555555556
33995,43.2646777777777
27409,29.1544222222222
55546,28.2059833333333
46716,28.7908373015873
43327,50.3421333333333
51637,45.9622777777777
49139,36.8695888888889
48188,38.2689055555556
58416,48.1464611111111
46957,34.0256444444444
34433,25.26545
42495,30.0902944444444
55002,25.0222833333333
25714,34.2403777777778
49687,39.5490111111112
48808,24.2967
35302,25.9076833333333
32700,32.3400833333334
38960,36.9078
50955,31.1046611111111
34439,35.8396666666667
53508,25.9491388888888
51340,45.7233888888889
44375,44.1625928571429
48896,37.3923277777778
42925,35.1912
59724,27.6056333333333
45531,40.1768111111111
53991,38.4604111111112
28849,26.2423111111111
34658,41.0945833333333
35220,51.9416944444445
39323,42.3128777777778
31194,33.2329999999999
49002,31.0423333333333
32467,33.1052833333333
22735,42.3754277777778
53264,35.6105722222221
23627,23.8579388888889
34224,28.5220111111111
31933,42.3960888888889
37108,40.04825
24567,38.3130833333334
34009,24.1780444444444
44452,38.7106555555556
48991,28.8770777777778
37129,31.9416666666667
24951,34.4723833333333
38267,42.7133722222222
21689,50.4520888888889
32612,25.2944944444444
39768,43.9079388888889
41550,24.0277388888889
42469,39.1976722222222
45745,44.4487333333334
29025,35.9197499999999
38886,32.2086111111111
45060,31.9898555555555
39907,30.34645
51404,27.8433166666667
40543,42.9445166666667
27876,38.2470333333332
55892,32.4125277777778
46243,40.5426666666667
26601,43.1541666666667
51323,34.3450555555555
27975,47.0430222222222
27124,40.73955
45884,48.4851222222222
48028,36.2559555555555
31333,45.1349222222222
51910,38.1216611111112
33751,45.7748087301587
28546,37.8599222222222
31978,36.5139555555556
34239,22.0030333333333
43490,38.0263055555556
55019,41.2850000000001
29443,38.9654055555556
39748,39.0829
45260,40.7162333333333
21836,43.4568777777778
41688,42.34695
32342,33.3996555555555
57039,42.3155444444444
59968,44.0435277777777
48686,47.1176063492064
56289,45.0204888888888
56717,31.4032944444445
36873,48.8161888888889
25287,29.5191611111111
45382,38.5602666666667
31206,43.3969861111111
25562,28.1291666666666
37384,38.3229777777777
53656,26.5343666666667
52332,30.3276944444445
53445,34.5305888888888
40028,42.1741555555555
43701,46.9315666666667
22067,26.3357111111111
51529,39.8892055555556
52357,45.3061277777778
49508,32.7623111111111
44917,39.7534055555556
41871,43.9049722222222
23895,31.6805833333334
34675,38.7625555555555
43657,39.3781444444445
33565,35.6578777777778
20372,42.5455777777777
53073,53.4434333333333
28372,52.5091611111111
57496,57.0141
39014,32.5697611111111
43186,24.8535833333333
43150,45.0115
52932,38.8158
26285,21.4328888888889
43058,42.6524722222222
41725,40.9384777777778
45296,44.3030222222223
34916,39.2777722222223
48804,37.5907833333333
43090,22.4199777777778
53295,36.0731833333334
22773,21.5731
30264,29.1981833333333
32231,28.2787222222223
44783,21.7090888888889
47623,43.2192317460318
47970,48.6056111111111
31937,40.5970611111111
51005,35.5497944444445
48833,59.2856222222222
37724,35.1519984126985
50218,44.9969555555556
20842,24.5907833333333
48634,42.0706111111111
32632,43.1203944444444
40766,40.4811166666666
45131,39.5174166666666
59979,23.0798722222222
33961,40.9375555555556
37152,31.541288888889
52442,38.5992388888889
53767,26.8859888888889
57527,47.8789388888889
55144,44.3914111111111
24081,44.5830555555555
49784,45.0686833333333
54115,30.8941722222222
41494,39.5659055555555
52245,32.3755777777778
40743,36.3426222222222
59451,34.6663666666667
24695,40.1448166666667
42857,32.0006944444445
38812,42.3731388888888
26590,50.7044
49053,37.0630277777778
27671,41.6313833333333
49850,28.7783277777778
38203,40.3197555555556
48418,36.6409722222222
34626,31.2507666666666
24588,21.5810388888889
44687,45.1031666666667
42822,34.3266833333333
48184,46.1670611111111
56015,43.5804166666666
57647,41.6707888888889
46946,26.5932555555555
29447,35.4024055555556
28762,42.6328055555555
32995,39.1183388888889
38140,30.9832333333333
26918,38.9657388888889
38611,28.4335222222222
48848,49.806511111111
49550,48.7745888888889
43967,26.7809666666666
54140,34.5209611111111
41885,30.5524944444444
34527,33.9439277777777
30341,49.8968777777778
24468,57.8382
43696,21.6452944444444
35366,50.4044555555556
20266,40.7231444444445
44173,28.6078777777778
46226,36.8114507936508
21040,26.4688166666667
27407,38.2294841269841
22275,20.3674888888889
55430,29.7691555555556
25497,44.4112611111111
30159,41.0810285714286
33318,44.5354571428571
37664,39.1907722222222
30001,39.6882349206349
40471,32.3063861111111
55578,25.1163833333333
22076,25.9206777777778
22812,33.4559666666667
58331,42.8148777777778
36608,43.7362555555555
20345,49.9348277777778
37634,39.7764666666666
31973,32.9553944444444
55747,31.866738888889
21949,23.2650388888889
28535,43.1100333333333
24625,32.7943666666666
47631,41.6480611111112
30554,42.7779007936507
20060,37.2925833333333
23241,41.66935
52972,45.0977499999999
50619,43.6493611111111
53112,36.8374111111111
47189,45.2479333333333
35033,42.0262388888889
29047,46.3334999999999
59899,32.4296833333333
57411,23.1168611111111
33072,50.6226444444444
57748,44.1928055555556
52211,31.2280119047619
24183,30.6131611111111
32457,31.1324722222223
52398,21.4088333333333
42022,24.8428111111111
45991,23.3218
46387,36.9318111111111
41150,29.5292277777778
47799,45.3337444444445
26879,43.4050611111111
30617,47.9597055555556
39207,41.9246888888889
35667,38.0600888888889
37430,40.0424611111111
35986,43.8128444444445
31536,42.6087063492063
53996,37.6480166666666
40445,42.7152666666667
48511,46.0810388888888
59709,23.8949055555556
56872,29.0035944444444
26550,32.7166055555555
46263,43.0942666666667
45692,38.4335555555556
29457,45.9753436507937
41386,41.1235833333334
53042,38.9178222222223
39199,26.9929722222222
38600,48.6090777777777
33111,35.4931888888889
44874,23.7966444444444
28924,44.3357944444444
45483,45.6775277777777
31288,29.9158055555556
27581,31.8132111111111
47524,49.1446055555556
23446,43.4333722222222
25429,29.7984277777777
41632,28.4473833333333
54111,28.9710888888889
58788,42.7841
35958,24.0918777777778
47906,39.3557777777778
52285,31.1707000000001
36214,33.2170055555556
45032,24.2814277777778
40964,42.2766722222222
43873,42.4690722222223
51231,37.0067111111111
51632,36.4393722222222
34358,35.3614277777778
44594,43.4369611111111
35669,43.2984222222222
30646,53.5953333333333
31787,40.0567888888889
32688,25.6282111111111
54603,42.85735
34447,42.0512333333333
20490,44.3825777777778
52652,44.8601388888889
56606,47.1886611111111
52456,41.8572388888889
25049,23.8700000000001
24786,37.4670111111111
59955,26.1280055555556
23632,24.7361333333334
33154,37.8091777777778
59567,44.90485
29911,38.1361888888889
55238,45.374461111111
59552,29.0796611111111
30358,26.9753444444445
43005,44.6648944444444
30843,44.1147277777778
47337,43.0634055555555
54229,45.7041166666667
32410,35.7102777777778
55325,32.3663277777778
57891,31.8000333333333
21434,47.0599333333333
43781,38.3460666666666
26731,23.8567777777777
28455,33.6641611111111
30156,47.3190111111111
44700,36.0211499999999
57793,45.1491666666668
33595,45.2307611111111
38993,25.5237888888889
30060,47.7003888888889
24585,27.9034777777777
20405,42.0879444444444
22548,40.8381222222222
27605,29.4309166666667
44936,41.7975777777778
33784,38.0984611111111
37749,40.8366666666666
59059,36.1820722222222
44387,21.7196055555555
37809,47.1897388888889
42912,47.2167888888889
29542,47.8298333333333
39853,47.9753925925926
46524,47.8564888888889
36395,49.5792071428572
29847,32.1732666666667
33871,33.4310666666666
34083,33.6324166666667
34898,32.7684611111111
53550,36.0942666666666
58357,43.2965373015873
37122,39.8774833333333
43263,25.5660777777778
23188,27.7692166666667
55654,42.83495
56925,41.4465222222222
31047,54.6276166666666
49489,28.7777222222222
29307,36.8871833333333
22740,39.3463388888889
54543,33.8648944444444
37548,51.3328896825397
56345,43.4387777777777
22366,32.8497277777778
29571,43.5876222222222
20437,38.7386888888889
30698,38.3459555555555
31529,45.4801333333333
31857,42.8122444444444
23233,45.9673444444444
43901,30.9933888888889
30468,43.3432888888889
46085,42.9861666666667
37488,38.1967555555556
21025,38.7257277777778
27154,21.3045333333333
53925,43.111438888889
57005,47.4619777777778
57745,43.1881611111111
42147,38.5380944444444
58350,45.8042277777778
52147,21.7224222222222
56633,32.55005
35436,28.8532333333333
43734,29.2311944444444
25764,44.6788111111111
30291,44.5852666666666
23486,44.1943
55057,47.0312611111112
34870,31.4959166666667
24611,19.6987555555556
59603,37.9967222222222
52708,20.7231888888889
58106,46.5763380952381
37776,40.4671
57050,46.0507055555556
45930,39.9194
38270,47.2099333333333
20852,43.7296055555555
24345,40.6896611111111
56411,22.38105
37404,36.0353
42786,47.7616888888889
49009,40.0122888888889
29404,39.7202222222223
44397,49.2379277777778
34649,44.7118555555556
53950,25.2064722222223
47016,43.4217277777778
36922,44.6720055555555
24842,39.7495944444444
30289,37.3328611111111
43643,33.6348611111111
22831,22.0969333333333
58697,56.4624023809523
59708,51.9230333333333
55076,27.6206388888889
33946,43.8797388888889
47295,50.9014587301588
43373,48.9375925925925
38047,41.9659166666667
39610,37.0308666666667
46504,37.8475944444445
43591,40.7703888888889
26852,46.7334666666667
56810,41.6990722222222
36739,27.4613277777778
36047,30.7476777777778
52681,19.5472333333333
30403,30.2564555555555
36008,42.9112444444445
41835,35.9676444444444
58004,30.9230333333333
27250,25.8706222222222
36577,37.9904833333334
45169,32.3564333333333
49945,38.8533944444444
57759,23.6314388888889
37695,41.9042722222222
20947,43.8979888888889
24234,31.3779111111111
40104,32.2758722222222
21559,22.1881777777777
42479,41.8654388888889
38987,41.1747111111111
54245,36.5122444444444
28973,32.7650111111111
41944,29.2318333333333
44294,45.2856888888889
59224,58.3397190476191
53399,45.3521611111111
25008,41.6725
55548,38.9131222222222
51644,44.2464944444445
46676,26.1631055555555
53035,21.0429333333333
23194,43.3202
25419,36.5127388888889
36520,32.4023555555556
59128,41.9997722222222
29358,40.8874833333334
39008,32.8029166666666
45090,40.4558777777778
43840,34.4606388888889
31273,56.4165976190476
33725,35.4673611111111
51100,40.8269055555555
53597,52.3470444444445
35946,44.5051888888889
36074,37.1910666666667
27221,40.5938333333333
34987,34.6670722222222
46026,45.3033777777778
27287,20.8791722222222
46000,42.7304388888889
28227,37.6080666666667
24915,38.0769277777777
59345,40.04965
39383,52.0780166666667
55811,35.8803611111111
23737,44.4075611111111
51259,42.8717666666667
38767,29.4990277777778
31105,27.0073833333334
25226,33.60475
27615,44.4535666666666
36040,40.5570166666667
44091,50.7109222222223
44243,43.4452833333334
46190,45.0086777777777
47615,33.3461722222223
39728,25.7544944444444
49707,49.7641833333334
43219,32.3535
32166,40.8395333333333
47433,34.9236722222222
57226,26.3747666666666
52094,34.4611527777778
40254,52.5575444444445
49849,33.2278888888889
35440,42.4181555555555
57241,36.8824555555555
44152,42.1836222222222
41174,44.0365722222222
20716,43.9604333333333
25285,27.2524666666666
50026,35.3799500000001
22978,39.5484388888889
29238,49.2881452380953
41348,36.6239388888889
42067,21.6547611111111
54608,33.5155777777778
48566,19.6836944444444
49540,32.5199083333333
56946,43.2316055555556
49302,50.2782722222222
22373,35.2054111111111
27339,30.1099222222222
32582,29.6283722222223
40350,42.4625055555555
58540,41.3945944444445
47784,23.2991722222222
28904,40.1950722222222
22566,35.1940333333334
44965,45.5336055555555
58229,46.5094833333333
38092,21.5409611111111
54390,40.6947055555556
48948,26.6105277777778
47223,39.5605611111111
27458,29.14585
20726,25.9836166666667
51481,44.5812166666667
43025,49.2304222222222
38125,24.6113055555556
24140,40.3735833333334
46844,43.4461888888889
36590,42.8107611111111
21877,28.9140222222222
46213,35.57285
25583,51.0528833333333
25549,45.8328944444444
53828,26.2501111111111
52473,23.4925333333333
29494,39.2568388888889
47689,41.1525444444445
42704,46.3017888888889
48121,45.4058111111111
35947,41.1347333333333
37670,44.5051031746032
47746,21.2456944444445
36567,36.9912388888889
34534,33.7021222222222
44637,29.0463166666667
54117,32.5525222222222
22690,36.6848055555556
35829,34.2279666666667
53891,26.4137444444444
30868,45.4435055555555
43159,56.2983277777778
53699,45.8354
53422,41.7906277777777
50139,43.6262055555555
58407,40.9286277777778
53833,47.2440277777778
52352,44.4383444444444
55062,41.2209976190476
22764,44.8012222222222
22002,38.1572611111111
37779,22.6584611111111
31455,30.2000111111111
48437,28.0772222222222
42017,39.0578341269841
24435,45.4321666666666
33270,41.8735
26538,40.6553111111111
29071,44.3794055555556
36589,45.2933611111111
34408,48.1329222222223
40708,33.3469611111111
50191,39.7915055555555
25804,30.1957166666666
32769,41.3373722222222
33577,47.1520444444444
39405,42.2137388888889
28662,22.4644222222222
24987,46.5092333333333
43232,40.6074388888888
26402,43.4116
36894,31.76195
21906,36.1561333333334
22340,33.00235
23228,42.4983912698413
36932,42.7246055555556
48326,29.6813944444445
29620,31.6589833333333
22361,49.2711944444444
33284,31.6238666666667
44506,27.2216722222222
54361,25.1461888888889
32390,30.9429055555556
33691,28.9680611111111
59487,31.3724666666667
57811,30.017
38531,43.808873015873
37823,31.3031555555556
58425,34.74595
26767,24.9538611111111
28278,38.4093555555556
46577,42.2303833333333
34235,48.0201944444444
36963,42.5245
34593,29.98775
40185,34.1194166666667
25750,45.0989753968254
47914,36.6125555555556
59037,26.9926333333333
59559,44.4135166666667
52918,44.2146944444445
44810,38.7465555555556
42408,30.6290833333333
40297,37.8415
46331,45.2137666666667
34062,37.3820777777778
41095,37.6015111111111
52701,39.6208944444444
34620,52.3897055555556
20027,29.3779333333333
34732,42.7873888888889
46313,35.1511777777778
50236,39.69445
59337,25.7507555555556
23313,24.5041055555555
22449,33.1597722222222
56498,43.1617055555556
52741,34.7206277777778
50251,44.0083666666667
38066,35.9980166666667
30609,39.2597055555556
37293,52.1374666666668
20363,34.5290833333333
56235,51.872188888889
47251,24.5973555555555
49163,44.3539444444444
58991,34.4398166666667
52711,46.6681333333334
51940,44.3798055555555
59809,51.8897563492062
58067,36.1225055555556
40481,36.8936333333333
29844,30.0987111111111
43548,23.3754111111111
39027,24.1769555555556
56173,41.8012388888889
55868,31.3882777777778
46418,35.4337388888889
45526,41.7376888888889
51427,36.2902444444444
22693,40.7414444444444
52818,32.2880333333333
57538,35.88735
46543,43.4430555555556
59864,45.2443444444445
50009,42.8728055555555
31649,28.7996722222222
49782,45.4295888888889
43944,49.6520952380953
52803,43.9586833333333
36332,44.2437722222223
29428,40.7662611111111
27724,26.1446444444444
39058,36.7614722222223
45089,31.6498166666666
21311,49.5020722222222
55368,31.9448944444444
52472,35.7991555555555
56782,36.8454944444444
25582,33.5135666666667
31493,33.0059444444444
57322,45.5196611111111
51495,24.6014666666666
30623,44.4950166666667
50598,38.1993111111111
47531,40.4671222222222
52266,38.6227944444444
27119,49.0509666666667
52121,31.6199222222222
22659,36.0238222222222
52800,44.6252944444444
50449,28.3015166666667
27165,42.6918722222222
23098,30.3483333333333
21570,42.1712
28588,43.9286555555555
58779,31.5773888888889
22399,38.9373888888889
50807,40.4104388888889
27209,44.0845555555556
41374,40.9273333333333
41293,40.6983666666666
31242,38.4182055555556
24472,29.1441333333333
25856,37.5749
55254,25.3916666666666
42386,28.15335
29800,37.6263944444444
26676,34.3028833333334
51292,37.1855555555556
39534,33.7348888888889
56680,20.5221055555556
30719,35.7146499999999
48554,35.1549166666667
49034,43.0904333333333
37502,43.8576055555555
39181,29.0142166666666
34389,43.9257722222223
36139,39.3061555555556
20251,43.1506055555556
37458,45.9517888888888
50435,36.4035611111111
37463,44.0847944444445
34889,33.7891833333333
30542,34.0395555555555
52177,24.8495222222222
31867,28.3623722222223
39307,36.7614888888889
29879,47.7416277777778
52362,38.1411444444445
40393,48.9829777777777
41535,23.2479055555556
20072,36.5131111111112
23626,37.2580611111112
30578,26.0935222222222
36566,31.9217333333334
51561,35.5503777777777
38045,26.5762111111111
24382,49.6814000000001
37893,26.902
54272,41.4199222222222
57003,37.0379555555556
57008,31.6305333333334
22830,47.6253944444444
37233,22.5491777777778
43218,39.7141833333334
30735,31.4586722222222
46618,30.8015611111111
44242,24.7649
40331,36.4571666666667
30860,23.7957333333334
27101,20.0713722222222
57214,42.2200777777778
45424,42.7531333333333
23157,44.6724944444444
33343,42.9419388888888
58446,43.3203444444444
48322,40.0483277777778
35801,38.4125277777778
52541,41.2266333333333
21784,37.77225
37427,35.8135555555555
31309,21.5703388888889
26945,43.2550444444445
46308,31.4679888888888
41108,30.8264333333333
47429,37.1919555555555
24449,34.9629388888889
57348,25.0282666666667
47714,33.2854333333333
20653,27.72775
50932,32.9206611111111
32076,37.3370555555556
39972,31.9183611111111
46880,46.4572666666667
51622,24.4153777777778
54424,47.8051444444445
34203,22.1489666666667
23495,34.0393166666667
29349,42.9006333333333
35552,26.1304333333334
59921,37.8098611111112
44991,36.1598444444444
46496,28.9120888888889
54048,27.7217277777777
42012,35.5646666666666
49138,35.1357888888888
35109,29.1418333333333
51923,35.1876055555555
46265,36.0483722222222
50953,42.0924333333334
27552,28.4283333333333
57643,31.7492833333333
41094,34.4891888888889
43095,45.0736611111111
33807,35.5403666666666
30611,32.9509166666667
54141,43.3802777777778
48625,33.4483444444445
22008,27.06595
34300,36.3897444444444
21309,37.5890611111111
45395,44.8099944444445
54219,29.6372944444444
55339,36.5752944444444
42248,23.3719722222222
57709,42.2299
56644,38.2311055555556
27376,44.2547888888888
55516,56.6537583333333
59129,34.6211333333333
23027,48.6259111111112
24120,23.2828166666667
40930,45.6166111111112
50222,18.67285
58290,40.7605166666666
46118,38.3121611111111
53278,41.3478833333333
35247,36.5564166666666
21430,42.3201111111111
41472,44.5047333333333
46105,31.4732666666666
26446,31.3249
35766,41.9203
44194,42.0388888888889
39407,39.7494944444444
42562,43.1918111111112
45615,35.3710111111111
42101,44.2826777777778
50978,35.6483777777778
58707,35.7087722222223
56763,47.6552222222223
55900,42.9345722222223
45346,28.6452055555556
38405,34.8519
52418,41.2722555555556
41191,23.7206388888889
47372,30.2607944444445
43681,45.9777611111111
46079,22.7765777777778
24906,38.9831888888889
55448,44.1865555555556
44330,47.0675111111112
21724,47.8656277777777
49817,40.39875
45536,38.2609
50378,28.2655722222222
39920,36.5987611111111
44036,35.37615
41507,48.4876055555556
39770,36.8153277777778
57046,41.6456833333333
20758,35.6333333333334
20219,45.5040206349206
44021,40.8522039682539
36371,28.1094722222222
24462,35.8684666666667
35512,33.2359777777778
48482,33.3115555555556
42218,19.1257555555556
50898,34.4635444444444
34576,47.5561444444444
50351,32.2675833333333
31541,32.2072666666667
22639,46.6759777777778
42862,35.0801
56734,40.6506722222222
57351,31.6291333333333
38243,33.43215
37741,29.2956888888889
37549,35.5445722222223
43086,22.9221055555556
24849,45.2307055555555
24311,33.5360222222222
56672,21.5535666666667
34897,32.7816111111111
23482,48.2036777777778
40716,49.9777904761904
37039,37.6828444444444
29876,45.1455777777778
41485,33.7745611111111
55466,40.2915666666667
43322,27.4940555555556
27434,32.6932611111111
54446,34.0868611111111
32285,22.1056277777778
51854,51.547
52046,42.1286833333334
49113,45.6648833333333
24041,34.1985444444444
52093,48.0743611111112
52600,40.2212611111111
30193,42.4409055555556
27665,41.8884341269841
42452,42.2916555555555
46131,28.7182388888889
33149,34.7719
55919,35.0364777777778
56700,41.40595
38716,42.4540833333334
27027,35.4556666666667
28716,35.6085277777778
46427,23.9256611111111
41539,26.6929166666667
31362,39.2520777777777
40417,35.6506055555555
48018,28.6637111111111
57103,39.2865277777778
29513,34.8987722222222
47905,44.3834111111111
22192,36.6266555555555
48014,37.77395
36271,24.6653666666666
52602,44.2968944444445
20493,44.3528388888889
39887,46.4661611111111
24938,30.9933277777778
23961,26.9827888888889
23078,49.484838888889
37657,43.0835944444445
53242,44.9885333333333
51564,36.9761833333334
27725,40.5303111111111
48594,36.4531
58524,37.9265055555556
44732,45.4074611111111
42903,34.2240944444444
57126,40.7634277777778
57836,36.1898944444444
34882,41.9442833333334
30075,37.8215833333333
57618,46.7596833333333
43424,36.6235666666666
44195,36.7141555555555
41089,36.6541388888889
43030,43.3469166666667
53613,42.5183
37728,36.223911111111
53044,21.8874
21913,35.8664666666667
56280,31.5288222222222
56019,31.5707722222222
34325,40.3099555555555
24079,41.2178944444445
23677,22.6702166666667
51620,22.2048166666667
37308,33.4000388888889
47650,38.4616666666666
28926,34.0695166666667
39137,33.7244166666666
56259,44.6992611111111
58664,29.0495888888889
41427,40.0417166666666
46897,34.2598166666667
25182,23.2794166666667
24674,34.2607222222222
36661,22.3107777777778
36660,39.7968833333333
44101,24.92815
57790,43.7602
48940,34.9931388888889
47136,30.3743722222222
27667,49.8951666666667
30660,32.0408555555556
40182,41.0787722222222
42993,42.2081611111111
24956,37.8512055555556
38450,36.0133722222222
44996,43.7932055555556
37184,32.7703444444445
46809,23.5602388888889
52237,32.9285333333333
29381,31.7137388888889
58195,25.1560555555555
46420,30.6472833333334
54255,41.4731666666667
58049,39.8714722222222
54103,38.9447333333333
54348,42.4876333333334
44220,42.1719166666668
27192,49.0561063492064
20035,41.2789055555555
49960,35.1718611111111
20348,43.2087833333333
40785,53.7277777777778
34932,34.2223055555556
53124,27.0210833333333
58314,36.9745611111111
21527,22.0674444444445
52522,36.6316388888889
59942,55.7634111111112
38613,50.2073301587302
38299,36.35755
40009,36.9374222222222
41751,43.1315777777777
28111,35.9667222222223
33479,40.4644166666667
59482,37.1019722222222
54904,37.9505555555555
35749,35.3325388888889
21634,42.6239
38048,37.3744944444445
41984,39.3839277777778
46035,46.1240666666667
30740,40.30055
59885,44.8744277777778
51114,37.9367166666666
43554,46.2606222222222
54655,43.0382833333333
28471,20.438
51023,34.4489555555555
26419,22.3181111111111
50161,23.2462166666667
38129,51.3427388888888
49244,36.2351611111111
24450,38.5311388888889
30819,42.5096984126984
55493,32.0800777777779
33885,31.9822666666667
54587,24.8755555555556
58313,38.1261611111111
38002,20.9474
41077,44.5291444444445
29007,33.4817166666666
24621,45.2638166666666
55357,41.3480222222222
31300,45.9431555555556
57737,21.8284111111111
59028,33.2463722222222
35189,38.1610444444445
23365,30.4736
37527,31.1910642857143
58725,34.5480722222223
32384,44.0507
27175,47.0674444444444
46413,43.0370611111111
51463,45.4059388888889
42897,35.2801111111111
54120,42.8070166666667
33453,39.1614944444444
25906,45.2878666666666
23251,45.8030944444444
58665,39.5931833333333
34971,42.8500722222222
48794,31.4497777777778
26686,39.9663833333333
53594,55.1685682539682
40914,37.8789666666667
51924,43.8518611111111
33190,27.4801888888889
48150,43.660376984127
55964,35.7030944444445
36070,42.1007222222222
59571,31.3799611111111
57579,30.26765
52180,18.6975833333333
52214,29.7197833333333
40911,45.3681944444444
58110,28.5818388888889
28405,41.2230333333333
28309,36.6122833333334
30077,36.4677611111111
23037,41.8862722222222
58640,31.3891388888888
40671,44.5603888888889
46930,43.2757611111111
20461,24.5848833333333
23328,38.6996166666666
26797,29.5878388888889
30645,37.2041555555555
25993,43.1671055555556
52582,37.7876388888889
42635,42.3761222222222
31214,32.5011055555555
26669,46.82735
26172,32.2646944444444
46076,39.8466
58688,39.5682888888889
34891,37.5708499999999
22357,38.9606611111111
37540,29.4219
40217,29.7093277777778
25704,42.4382388888889
28579,33.7975777777778
53694,36.3280611111111
37660,42.7422888888889
34102,42.9243222222222
24517,43.5038722222222
47491,25.8635833333333
40466,38.5598111111111
54318,44.8673388888889
50201,28.3984047619048
59000,36.7351611111111
33439,29.3507444444444
56426,32.8136444444444
49357,42.6748
30254,35.4262444444444
35175,41.0488222222222
40035,27.6117666666667
22113,42.7662333333334
55453,35.7148055555555
51283,21.4905055555556
54694,27.4550611111111
54485,42.8010666666666
39703,34.9146777777777
54244,45.5934277777777
56078,23.8299222222223
46693,21.9692833333334
55248,39.0480611111111
22970,41.93685
53465,45.4246833333334
44813,34.01405
47142,33.3944444444444
24210,38.5675888888889
57378,42.3783222222223
31831,36.3391944444445
44043,34.4735666666667
52721,29.4967055555556
30541,29.2664333333333
27318,24.6392277777778
48539,46.9029777777777
42952,44.0861722222221
56908,26.1044611111111
36994,37.3775222222222
46887,41.7036166666667
53576,25.2199555555556
20243,47.7864444444444
47296,41.46545
52000,41.1334333333333
41475,29.9209611111111
50341,40.9227944444444
44227,46.8242333333333
42141,44.3801666666667
49571,22.0030833333333
41121,30.3778888888889
38494,40.5461777777778
43404,32.2086944444444
31809,27.8665277777778
37946,45.2404333333333
26449,37.1913055555556
38063,35.0009555555555
41444,53.7191722222222
33255,41.3172555555555
28187,29.2836666666667
31017,42.1293555555556
24888,50.2320111111111
59225,30.6713111111111
45652,32.8670166666667
34858,39.4878555555555
42861,20.5632777777778
58006,34.7691777777778
23721,34.3623611111112
29625,41.8896222222222
34719,43.0378222222223
33551,22.7418777777778
33170,38.6170611111111
45728,37.1358833333334
47632,42.6321333333333
25220,41.22755
27627,21.9333666666666
44660,45.6776111111111
23480,36.5097055555556
40841,27.0555777777778
33042,27.2048222222222
28865,27.78775
22276,22.9927444444444
43744,36.4202388888888
25075,41.6954277777778
25028,47.2323388888889
48252,43.7986444444444
41563,29.1139
20048,27.9363222222222
42097,24.3152833333333
56106,30.0966666666666
20914,45.6716277777778
59502,40.2336222222221
50253,43.8789777777778
26853,31.7091111111111
51395,32.4832388888889
43004,30.2974833333333
35283,23.2898166666667
46227,27.1305888888889
57789,31.7188666666666
23815,26.7716222222222
56368,30.0698333333333
22962,32.7484388888889
25681,31.3154944444444
28262,25.8083
59222,36.9460444444444
33625,36.4505555555556
30668,36.7835166666667
53837,35.2353611111111
42641,35.4775333333333
37562,45.3493730158731
28868,23.4574222222223
49893,40.6176722222222
26136,38.9055388888889
29299,32.989474074074
49984,47.3346222222222
44546,39.8553055555556
28977,37.5373722222222
54732,27.9384555555556
39722,45.5235833333334
43896,26.3157888888889
43388,44.9211111111111
55566,26.7208277777778
48180,34.7267722222222
58238,24.8869333333333
25943,29.5158277777777
48428,28.9279388888889
36682,35.9099722222222
21023,35.2368777777778
39683,36.60025
21851,30.0367611111111
46439,41.2322833333334
29210,39.5959888888888
50315,20.4754277777777
49980,30.1211944444444
30397,32.3469222222221
25470,36.1163555555556
48874,42.1562722222223
51472,36.4088277777778
48953,29.21515
33465,37.6824444444444
54584,39.2918111111111
27524,42.28565
50846,34.9282722222222
38621,33.2045777777777
57026,32.5133333333333
47797,30.0697722222222
37392,40.8020722222222
49454,36.37375
30458,28.6146071428571
56424,50.6623777777779
59722,34.8938
49204,24.4873555555555
22514,20.5261388888889
27851,46.4600666666666
24515,31.4519444444444
34130,26.7630992063492
45529,36.9556888888888
22387,25.0420222222222
33851,36.7082111111111
58928,35.2861388888889
57814,23.2272222222222
52035,28.1372222222223
50946,22.9138888888889
27727,42.0867555555555
47487,42.5459166666667
29326,25.5966222222222
39136,42.4273388888889
49235,34.5719833333333
28581,40.1016944444444
27937,35.1798444444445
38145,29.9778055555556
36652,22.7395055555555
35940,41.1178
35063,54.0857761904762
45343,31.6374277777778
27992,36.1138277777778
59808,46.4771166666667
27314,40.4625166666666
40201,37.0485722222223
42140,42.1532055555555
44926,38.2116888888889
49110,31.0679777777778
40321,24.2701555555555
56062,31.9768111111111
54822,43.1572055555556
52704,39.5162833333333
22857,30.889
35931,45.7051555555556
31303,42.6854111111111
28197,40.5492111111112
37309,30.0009833333333
52819,24.8386888888889
36166,22.4660944444444
39142,33.3535666666667
54327,40.8856166666666
50576,38.5162833333334
21022,30.1311055555555
23862,44.42145
23473,20.7813722222222
57832,23.8865333333334
20745,25.58205
30162,23.89925
38865,37.0944222222223
51090,42.9288277777778
28344,35.45295
28869,48.1665277777777
48325,43.1579777777778
32944,41.8073777777777
52438,40.66515
36421,50.6625055555556
43964,31.4843555555555
35873,37.4162944444444
34395,47.944561111111
34420,23.4087555555556
50875,33.2905444444445
30093,32.9894722222222
33169,40.6736611111111
20097,32.9004944444445
24080,41.426780952381
42180,43.0985111111111
47829,40.3305944444444
34895,42.4362555555555
51491,24.1254111111111
44767,43.1231111111111
21747,31.9605888888889
56838,42.5430444444445
59626,41.8662888888888
56155,45.5247944444444
27593,25.9070444444445
58594,42.1667944444444
55043,33.8645722222222
37134,29.4394888888889
47182,19.2301444444444
58798,21.3568666666667
51116,32.1392222222222
26354,41.0419277777777
27324,35.4739555555555
48767,36.2308833333334
51207,21.8119611111111
24257,37.6762777777777
37644,22.4565333333333
31892,33.4023555555556
41743,29.1926865079365
56231,47.1493499999999
41820,49.7161055555555
44025,29.6182611111111
43526,25.1734611111111
24863,24.6944444444444
46592,24.8458833333333
20108,30.79035
33242,42.5001388888889
21783,44.8145111111111
50719,52.9633055555556
54592,24.3298333333333
36644,36.3535777777777
37370,34.7800388888889
41361,43.4946111111111
54472,39.5152666666667
30687,37.0265055555556
52387,48.0595777777778
35263,25.0249333333333
32179,36.0666666666666
29088,23.7372833333333
41339,44.7553277777778
52619,38.8905666666667
21216,28.1403555555555
46002,38.0517944444445
29627,44.3867888888889
36850,34.139526984127
41999,44.4723111111111
33606,32.1839666666667
47605,30.6248611111111
55315,44.6388944444446
28410,40.8341555555556
37372,24.7224944444444
33276,45.5493555555556
44983,50.3282500000001
53175,42.3824150793651
30000,21.2695055555556
28082,39.5869055555556
59123,38.8183111111112
24917,37.1454388888889
46043,40.4382111111111
20090,22.2557777777778
47590,42.0168944444445
37444,43.6339
32997,44.1994833333333
23628,39.0623833333334
51028,39.1135888888889
47552,33.1485277777778
22342,39.4765111111111
55523,22.2728444444444
31491,34.1572111111111
22760,33.7333277777778
24156,30.9443611111111
23509,28.4096722222222
49913,42.4461944444444
54281,42.1530222222222
35069,28.34245
22815,40.4401444444445
52673,20.8681333333333
26247,38.3768777777778
36641,42.1545777777777
55304,32.2175055555555
51974,45.5529
26450,47.3105888888889
59514,42.0710666666667
31123,38.6980230158729
32413,38.3450111111111
56444,34.7895777777777
37306,34.0266055555556
57864,40.7680611111111
54550,34.6008388888889
32633,20.8760277777778
22568,23.3341055555555
36701,41.6937833333334
57216,46.06875
35611,38.7689388888889
37378,46.7137555555555
34798,23.6149388888889
22928,33.7761333333334
49385,44.1508722222222
32500,31.4632166666667
59638,39.1440611111111
21196,40.4286055555555
31550,34.3757
53425,42.3096055555555
55474,45.4325537037038
55485,27.6535944444445
52521,41.5712611111111
43558,46.2199611111111
52669,42.7315611111111
33352,38.7633666666666
30440,43.8706190476191
58585,20.1870333333334
27064,19.2561944444445
37555,36.4088666666667
37935,41.3532388888889
39869,40.9046777777778
24144,27.696226984127
30874,43.5149777777777
44733,33.3846222222222
46478,36.4630888888889
33177,29.1662777777778
22861,46.2180611111112
37334,27.9721722222222
41329,42.2651777777778
27880,42.5818944444445
28552,41.9614499999999
46767,29.3473611111111
26801,30.6759111111111
28786,42.7677111111112
51172,42.38765
52260,23.4489444444444
26037,36.4840222222223
46146,29.8651611111111
43349,38.6574333333334
40086,43.4263611111111
23357,48.9105111111111
39897,22.8661777777778
32377,46.4162388888888
29131,34.8509833333333
28729,32.3854055555556
53470,39.3699388888889
38802,21.35185
36428,54.7007277777778
56683,38.7477944444444
46147,39.1940777777777
28827,44.2503166666667
28728,49.8626722222221
52298,40.0532055555556
53769,27.8229452380952
32708,43.7047888888889
53552,43.7270166666666
34137,44.6220277777778
58254,30.8557722222222
27290,28.2172452380952
27274,39.2868611111111
31192,47.6994777777779
36645,30.5099031746032
46432,22.8263222222222
46632,41.1660722222222
34887,32.4459611111111
24007,31.8438444444444
26913,41.4728222222222
21619,37.1376388888889
53503,39.2243277777778
58122,45.7520333333333
42966,48.468438888889
26451,32.8450833333333
54328,21.6335611111111
34112,33.9814222222222
32075,37.1475611111111
28930,26.2709888888889
20000,46.4702944444445
35125,37.7567166666667
33582,35.6485222222222
50245,32.8501555555555
51801,31.6536388888889
38410,33.3482722222222
45170,45.6441916666668
32039,38.8945055555556
33382,42.5123777777778
37032,33.6965388888889
34800,34.8963833333334
46425,34.8024666666667
52826,41.2116833333333
45379,30.0192444444444
27186,39.3016777777778
53435,50.1678166666667
50032,42.1368111111111
54043,44.9412888888889
37744,45.1011666666666
26467,44.4512388888888
44110,33.5598
37523,37.2086444444444
34555,41.0884944444445
20168,40.8628000000001
28911,48.7651166666667
50575,38.4086666666666
32368,43.96765
59062,36.1875888888888
37751,43.1542555555555
25044,34.5092722222222
26371,41.9111777777778
38942,45.0389888888889
39332,29.9561944444445
33127,44.7737698412698
36305,25.83425
39201,34.9818666666667
58768,42.1078055555555
54081,42.8803722222222
26245,49.757238888889
31280,32.6746333333334
45464,29.1402166666667
42514,36.4392611111111
40635,38.3868277777778
37764,39.7184388888889
42946,29.1008388888889
56475,28.6506666666667
45947,41.5581444444445
51110,38.7393833333333
40518,44.9875944444444
55525,45.9625896825397
35843,39.1404888888889
53789,41.9511333333333
31896,35.3810555555556
38069,40.4639944444445
45629,32.4656333333333
29925,47.2533277777778
34508,43.0881055555556
36265,32.7337111111111
22239,33.4824055555556
54095,42.5081055555555
23145,40.7980611111111
40327,40.9976
44184,45.7192166666666
48471,27.9850500000001
36407,43.7766277777778
22883,32.2762277777778
29453,33.3762777777778
46868,30.6098
34306,32.8230555555556
52360,41.5987777777778
43384,45.3964333333334
36767,37.5034611111111
47468,41.6126333333333
24381,29.0169666666667
43089,40.1379777777778
46628,41.7947777777777
45496,36.4819333333333
37564,34.3644722222222
36044,43.0360999999999
28656,46.5929611111112
46126,39.0952888888888
53339,36.9952833333333
36217,35.9790333333333
58892,22.3757666666667
57882,44.0600555555555
56336,35.9942944444444
45924,34.9718722222223
53743,30.3999444444444
56189,34.2081055555555
51961,49.2077777777778
55495,33.0443277777778
37041,22.3685444444444
48692,44.9079722222222
20429,35.7824222222222
39421,42.5367222222222
40031,48.3910722222222
35922,32.8635555555555
24471,28.5891722222222
28858,27.6246833333333
30232,38.3631611111112
51733,44.6061222222222
34673,39.5621674603173
32014,32.1948888888889
29849,42.0991666666666
48319,36.6665666666667
56523,36.8748611111111
47602,41.3400277777777
52428,39.6582944444445
51699,24.0932666666667
44617,34.3358111111111
27712,37.4981444444444
52586,35.3991055555555
23797,41.02905
35837,36.9821833333334
56039,42.0189555555555
25185,39.7745611111112
46378,37.2419944444445
25130,20.0262722222222
45817,26.6959111111111
26155,44.7283388888889
51249,42.5959666666667
44423,43.5286928571429
48942,40.2180333333334
49064,25.9845166666667
25254,46.9960944444445
54234,27.7001111111111
42627,25.9462444444444
55340,22.9690333333333
39930,20.2881166666667
49954,44.42075
57220,42.4612833333334
41747,29.9700166666667
41202,57.5617761904762
24974,36.1507666666666
39062,37.9085222222222
39971,26.2928944444444
51959,34.6238722222222
49311,38.6513833333333
29194,37.2747777777778
49180,46.1238
37990,42.0743166666667
37746,43.8455777777778
56657,23.89405
34425,43.7580888888889
50460,44.25545
47434,37.7252666666666
28023,39.4080833333334
45035,41.878811111111
31960,24.5135111111111
44685,44.897238888889
40367,37.1266722222223
53960,35.9532277777778
50954,43.54635
52051,43.7147
35169,45.8528944444443
36340,40.3160111111112
35100,39.0005333333334
22463,42.3152555555556
57173,36.4298579365079
48708,27.1170611111111
28461,43.0449555555556
28358,40.9779111111111
49886,43.7682222222222
29516,21.4325722222222
45520,30.4837277777778
46573,29.8210222222222
58567,31.8838666666667
48363,43.6864
32053,44.0591666666667
22326,34.8392444444445
46136,45.3569444444444
37547,43.8545
20309,39.3763277777777
30197,44.7657555555555
41076,38.8541611111111
55041,41.2251111111112
35863,30.8957166666667
50274,36.2660611111111
49635,32.5536476190476
34908,31.5990888888889
56988,42.6845777777778
20512,47.6783333333333
26780,42.8866944444445
20071,34.4260888888889
45613,38.5748222222222
52839,42.3997944444444
41371,30.4213222222222
29163,38.3444888888889
37344,48.5470333333334
24062,36.3583944444444
27976,28.9247055555556
44620,34.9980777777778
38075,40.2267388888889
29028,24.8980166666667
24220,32.4491111111111
43390,35.8041444444444
34510,31.4996944444445
54824,28.9438166666666
27368,33.2125888888889
37872,50.0976833333333
56650,42.2186666666667
47853,41.0558111111111
59252,33.7781888888889
24616,33.3680722222222
51311,45.9513730158731
25321,22.4773333333334
36540,36.7456277777777
21598,55.0507499999999
34597,30.2916611111111
22396,39.9570888888889
41198,28.6882333333334
50242,40.8870277777777
32212,39.32545
58507,47.3396277777778
50466,27.3544674603174
20535,40.9789833333333
43669,28.8656277777778
24920,36.2503333333334
22780,25.2305888888889
22845,42.5111111111111
46260,21.4808111111111
30418,48.8613611111112
35043,24.5211055555556
42710,46.0370388888889
46988,45.0234555555556
58922,42.8582944444444
30337,29.3008944444445
29401,42.9855111111111
23559,53.7192666666667
28441,40.2479833333333
40787,32.2599611111111
29328,47.0132111111111
27322,42.8174888888888
36686,35.1173666666667
44140,44.3207888888889
26922,46.6336444444444
48620,22.1710722222222
34817,28.5843666666667
30939,41.9411555555555
41533,31.5812111111111
29547,30.5023833333334
27026,44.1598936507936
50257,16.8385388888889
34814,21.2849611111111
41916,39.4462388888889
55063,40.6719388888889
49240,42.7954555555556
27714,24.0981555555556
28038,37.9387000000001
38789,27.8230666666667
36397,31.3965555555556
51407,44.0573888888889
54743,35.4446666666667
22581,36.3428888888889
38144,41.92565
37321,37.1007666666667
34295,42.3709944444444
24879,43.2367333333333
20187,39.5487777777778
54227,40.0519833333333
33985,28.4592833333333
55060,40.0760000000001
45916,31.4835492063492
38216,44.8009222222222
32773,39.9351777777778
38939,47.8471277777778
45737,48.8067166666666
41404,31.9564444444445
58258,21.8180833333333
25302,47.0581111111111
33514,36.0553
41631,36.7660944444444
55279,39.8763095238096
21743,41.9641944444444
54137,40.2545055555556
20399,45.0675222222222
27588,41.8998611111111
26199,53.809480952381
23418,39.06395
51594,47.8938
56518,29.8033111111111
46856,40.2231222222222
42934,35.6863833333333
43594,42.3338944444445
56428,39.5189444444444
58385,45.5557333333333
37996,40.5091277777778
43348,33.2685333333333
28870,35.6144388888888
32851,39.2286388888888
22971,30.3699
50555,35.3094388888889
23771,28.7304888888889
28145,25.4822555555556
49801,18.4244166666667
28899,38.4232944444445
56440,41.0376666666667
36584,33.2983611111111
27848,41.0348833333333
20275,19.0353666666667
58306,43.1223333333334
20159,42.7253611111111
57070,22.8847611111111
57857,28.8184611111111
36351,57.6445777777778
55179,47.3060055555556
52052,42.27415
24107,37.8641611111111
26736,41.0995777777778
33025,29.8441777777777
43247,41.0247777777778
48718,32.3440388888889
31012,45.6280722222222
59469,46.3511944444445
43397,29.2271333333334
38922,31.8995666666667
46171,22.2747888888889
40379,45.4227111111111
47070,41.35115
50328,29.1613031746032
50894,36.2551277777778
21990,32.9521888888889
55477,32.3071333333333
43368,42.3439777777778
43381,45.6507944444445
30124,46.84725
38031,40.4678277777778
47752,31.75075
20281,48.8758888888888
30683,36.1957333333333
36860,43.8927166666666
34803,39.2803388888889
31183,39.7339833333334
38307,36.2011611111111
44174,41.5104777777778
51010,39.6841777777778
43710,25.2504888888889
57952,30.926
46674,39.7195611111111
23603,29.5838055555555
36453,37.8476222222223
40036,38.0585277777778
52391,38.632261111111
34919,48.5445388888889
26029,38.3168722222223
42657,46.2082611111112
52713,34.0053055555555
44508,32.2297833333333
26248,23.4840777777778
55073,43.6952611111111
31247,39.05155
35921,30.0521055555556
46672,44.3424277777778
53599,43.16845
27761,45.3249944444445
43306,35.5947777777778
54319,26.7147055555556
34292,36.0463611111111
26394,38.7595666666667
47634,28.1568499999999
28917,35.5949333333334
37740,31.9978833333333
39190,41.4532444444444
34571,32.7760444444445
41180,34.0402222222222
41759,37.0026222222223
28678,51.3732539682539
21236,27.3444444444445
42768,30.2873388888889
44587,32.4977555555555
21346,34.9783444444445
55421,42.7760944444444
42310,30.0455944444445
23438,36.5616833333333
29034,18.7254777777778
58552,31.3854722222222
24558,31.6107833333334
43055,31.6877277777778
49252,39.1671166666667
23722,24.9350388888889
56798,28.9267555555556
21721,33.3968833333333
54410,38.6996777777778
32618,27.2253722222223
57564,42.5879944444444
41194,23.5310555555556
32241,29.2868722222221
24650,24.9021222222222
25204,38.5900944444444
47614,36.2195
38705,42.7326111111111
57956,35.5096388888889
46941,32.078511111111
21526,32.3762722222222
32959,20.5940611111111
46057,23.41295
32808,34.7732
34983,34.5192
46596,21.2749
24340,32.3668888888889
26267,22.2601111111111
35338,38.1428722222223
58925,27.0295388888889
27534,39.2207611111111
56916,28.2472611111111
41447,29.6587277777778
45274,32.3411555555555
34834,40.8728777777778
47535,34.9120277777778
46304,25.8402388888889
55018,41.10235
33430,34.6635444444445
31817,31.7518777777778
54615,30.4398666666667
25607,45.2954277777779
42001,39.7189333333333
55346,39.0360444444445
28884,34.3305666666667
42014,22.2507444444444
26076,57.0849722222222
35050,30.6267722222222
